"","","","","Voter Turnout Database","","",""
"Country","ISO2","ISO3","Date","Parliamentary>Voter Turnout","Parliamentary>Registration","Parliamentary>Voting age population","Parliamentary>Population"
"Albania","AL","ALB","2017‑07‑25","46.76","3452324","2356975","3047987"
"Albania","AL","ALB","2013‑06‑23","53.31","3271885","2274815","3011405"
"Albania","AL","ALB","2009‑06‑28","50.77","3084946","2266221","3194417"
"Albania","AL","ALB","2005‑07‑03","48.73","2850821","2356387","3563112"
"Albania","AL","ALB","2001‑07‑08","54.95","2499238","2040574","3490435"
"Albania","AL","ALB","1997‑06‑29","72.56","1947235","2228430","3510500"
"Albania","AL","ALB","1996‑05‑26","89.08","2204002","2193030","3481000"
"Albania","AL","ALB","1992‑03‑22","91.5","2000000","2051430","3363000"
"Albania","AL","ALB","1991‑03‑31","98.92","1984933","1985550","3255000"
"Andorra","AD","AND","2019‑04‑07","68.33","27278","71161","85684"
"Andorra","AD","AND","2015‑03‑01","65.62","24512","70017","85458"
"Andorra","AD","AND","2011‑04‑03","74.12","21852","69267","84825"
"Andorra","AD","AND","2009‑04‑26","75.34","20298","58867","83888"
"Andorra","AD","AND","2005‑04‑24","80.38","16022","61268","71201"
"Andorra","AD","AND","2001‑03‑04","81.64","13342","68338","67627"
"Andorra","AD","AND","1997‑02‑16","81.59","10837","10837","70000"
"Andorra","AD","AND","1993‑12‑12","80.92","9675","9675","63000"
"Austria","AT","AUT","2019‑09‑29","75.59","6396812","7508169","8828456"
"Austria","AT","AUT","2017‑10‑15","80","6400993","7443978","8754413"
"Austria","AT","AUT","2013‑09‑29","74.91","6384331","7260801","8562634"
"Austria","AT","AUT","2008‑09‑28","78.81","6333109","6600595","8205533"
"Austria","AT","AUT","2006‑10‑01","78.49","6107892","6548332","8192880"
"Austria","AT","AUT","2002‑11‑24","84.27","5912592","6432768","8150835"
"Austria","AT","AUT","1999‑10‑03","80.42","5838373","6463384","8156351"
"Austria","AT","AUT","1995‑12‑17","85.98","5768009","6306300","8085000"
"Austria","AT","AUT","1994‑10‑09","82.46","5774000","6263129","8029717"
"Austria","AT","AUT","1990‑10‑07","86.14","5628912","6025250","7825000"
"Belarus","BY","BLR","2019‑11‑17","77.31","6880605","7716337","9503591"
"Belarus","BY","BLR","2016‑09‑11","74.68","6978490","7797893","9570376"
"Belarus","BY","BLR","2012‑09‑23","74.2","7022221","7904831","9643566"
"Belarus","BY","BLR","2008‑09‑28","76.74","7016711","7741235","9685768"
"Belarus","BY","BLR","2004‑10‑17","90.14","6986163","7640118","10310520"
"Belarus","BY","BLR","2000‑10‑15","61.08","7254752","7607585","10142706"
"Belarus","BY","BLR","1995‑05‑14","56.4","7445800","7652340","10341000"
"Belgium","BE","BEL","2019‑05‑26","88.38","8167709","9261362","11647253"
"Belgium","BE","BEL","2014‑05‑25","89.37","8008776","8206762","10449361"
"Belgium","BE","BEL","2010‑06‑13","89.22","7767552","8186446","10423493"
"Belgium","BE","BEL","2007‑06‑10","91.08","7720796","8176805","10392226"
"Belgium","BE","BEL","2003‑05‑18","91.63","7570637","8070793","10274595"
"Belgium","BE","BEL","1999‑06‑13","90.57","7343466","7999572","10199967"
"Belgium","BE","BEL","1995‑05‑21","91.15","7199440","7887360","10112000"
"Belgium","BE","BEL","1991‑11‑24","92.71","7144884","7783620","9979000"
"Bosnia and Herzegovina","BA","BIH","2018‑01‑01","54.03","3355429","3228803","3849891"
"Bosnia and Herzegovina","BA","BIH","2014‑01‑01","54.54","3278908","3014585","3871643"
"Bosnia and Herzegovina","BA","BIH","2010‑01‑01","56.49","3132231","3010376","4621598"
"Bosnia and Herzegovina","BA","BIH","2006‑01‑01","54.94","2755207","3539921","4498976"
"Bosnia and Herzegovina","BA","BIH","2002‑01‑01","55.45","2342141","3178427","3964388"
"Bosnia and Herzegovina","BA","BIH","2000‑01‑01","63.7","2508349","3053221","4269483"
"Bosnia and Herzegovina","BA","BIH","1998‑01‑01","70.74","2656758","3256197","4022835"
"Bosnia and Herzegovina","BA","BIH","1996‑01‑01","46.06","2900000","2572520","3524000"
"Bulgaria","BG","BGR","2017‑01‑01","53.85","6838235","5864631","7101510"
"Bulgaria","BG","BGR","2014‑01‑01","51.05","6858304","5750976","6924716"
"Bulgaria","BG","BGR","2013‑01‑01","52.49","6919260","6084873","7282041"
"Bulgaria","BG","BGR","2009‑01‑01","60.64","7129965","5969019","7204687"
"Bulgaria","BG","BGR","2005‑01‑01","55.76","6720941","6004949","7450349"
"Bulgaria","BG","BGR","2001‑01‑01","66.63","6916151","6391816","7932984"
"Bulgaria","BG","BGR","1997‑01‑01","58.87","7289956","6414519","8330544"
"Bulgaria","BG","BGR","1994‑01‑01","75.23","6997954","6501110","8443000"
"Bulgaria","BG","BGR","1991‑01‑01","83.87","6790006","6736500","8982000"
"Croatia","HR","HRV","2016‑09‑11","52.59","3763769","3564675","4313707"
"Croatia","HR","HRV","2015‑11‑08","60.82","3788788","3602781","4470534"
"Croatia","HR","HRV","2011‑12‑04","54.17","4504251","3691302","4483804"
"Croatia","HR","HRV","2007‑11‑25","59.58","4229681","3557272","4493312"
"Croatia","HR","HRV","2003‑11‑23","61.65","4087553","3501832","4422248"
"Croatia","HR","HRV","2000‑01‑03","76.55","3685378","3484951","4584831"
"Croatia","HR","HRV","1995‑10‑29","68.79","3634233","3464230","4499000"
"Croatia","HR","HRV","1992‑08‑02","75.61","3558913","3591750","4789000"
"Croatia","HR","HRV","1990‑04‑22","84.54","3544112","-","-"
"Cyprus","CY","CYP","2016‑01‑01","66.74","543186","926492","1205575"
"Cyprus","CY","CYP","2011‑01‑01","78.7","531463","885905","1120489"
"Cyprus","CY","CYP","2006‑01‑01","89","501024","738932","1031030"
"Cyprus","CY","CYP","2001‑01‑01","91.75","467543","633844","932632"
"Cyprus","CY","CYP","1996‑01‑01","90.13","409996","486850","749000"
"Cyprus","CY","CYP","1991‑01‑01","94.31","381323","457380","639000"
"Czechia","CZ","CZE","2017‑01‑01","60.84","8374501","8774665","10674723"
"Czechia","CZ","CZE","2013‑01‑01","59.48","8424227","8446141","10162921"
"Czechia","CZ","CZE","2010‑01‑01","62.6","8415892","8466396","10201707"
"Czechia","CZ","CZE","2006‑01‑01","64.47","8333305","8250612","10235455"
"Czechia","CZ","CZE","2002‑01‑01","57.95","8264484","8113689","10264212"
"Czechia","CZ","CZE","1998‑01‑01","74","8116836","7827723","10291000"
"Czechia","CZ","CZE","1996‑01‑01","76.29","7990770","7859160","10341000"
"Czechia","CZ","CZE","1992‑01‑01","84.68","11515699","11640940","15731000"
"Czechia","CZ","CZE","1990‑01‑01","96.33","11195596","11589140","15661000"
"Denmark","DK","DNK","2019‑01‑01","84.6","4219537","4673427","5841522"
"Denmark","DK","DNK","2015‑01‑01","85.89","4145105","4431291","5581503"
"Denmark","DK","DNK","2011‑01‑01","87.74","4079910","4374759","5529888"
"Denmark","DK","DNK","2007‑01‑01","86.59","4022920","4186873","5468120"
"Denmark","DK","DNK","2005‑01‑01","84.54","4003616","4161254","5413392"
"Denmark","DK","DNK","2001‑01‑01","87.15","3998957","4132213","5352815"
"Denmark","DK","DNK","1998‑01‑01","85.95","3993009","4128398","5225820"
"Denmark","DK","DNK","1994‑01‑01","84.25","3988787","4111950","5205000"
"Denmark","DK","DNK","1990‑01‑01","82.85","3941499","4060600","5140000"
"Estonia","EE","EST","2019‑01‑01","63.67","887420","1001011","1236641"
"Estonia","EE","EST","2015‑01‑01","64.23","899793","1017053","1249312"
"Estonia","EE","EST","2011‑01‑01","63.53","913346","1046458","1329660"
"Estonia","EE","EST","2007‑01‑01","61.91","897243","1039335","1315912"
"Estonia","EE","EST","2003‑01‑01","58.24","859714","1040400","1415681"
"Estonia","EE","EST","1999‑01‑01","57.43","857270","1071447","1415236"
"Estonia","EE","EST","1995‑01‑01","68.91","791957","1117500","1490000"
"Estonia","EE","EST","1992‑01‑01","67.84","689319","1142560","1544000"
"Estonia","EE","EST","1990‑01‑01","78.2","1163683","1162540","1571000"
"Faroe Islands","FO","FRO","2019‑01‑01","89.42","37821","39057","51319"
"Faroe Islands","FO","FRO","2015‑01‑01","88.48","36458","37983","50196"
"Faroe Islands","FO","FRO","2008‑01‑01","89.5","34835","35578","48668"
"Faroe Islands","FO","FRO","2004‑01‑01","92.34","34426","34952","48290"
"Faroe Islands","FO","FRO","2002‑01‑01","91.63","33522","34194","47349"
"Faroe Islands","FO","FRO","1998‑01‑01","88.19","31609","32041","44560"
"Finland","FI","FIN","2019‑01‑01","68.73","4510040","4464808","5555154"
"Finland","FI","FIN","2015‑01‑01","66.85","4463333","4079928","5475450"
"Finland","FI","FIN","2011‑01‑01","67.37","4387701","4061911","5259250"
"Finland","FI","FIN","2007‑01‑01","65.02","4292436","4093161","5231372"
"Finland","FI","FIN","2003‑01‑01","66.71","4220951","4024992","5183545"
"Finland","FI","FIN","1999‑01‑01","65.27","4152430","4155857","5180030"
"Finland","FI","FIN","1995‑01‑01","68.58","4088358","3941630","5119000"
"Finland","FI","FIN","1991‑01‑01","68.39","4060778","3860780","5014000"
"France","FR","FRA","2017‑06‑18","42.64","47293103","52211196","67106161"
"France","FR","FRA","2017‑06‑11","48.7","47570988","52211196","67106161"
"France","FR","FRA","2012‑06‑17","55.4","43233648","51979508","65630692"
"France","FR","FRA","2012‑06‑10","57.22","46082104","51979508","65630692"
"France","FR","FRA","2007‑06‑17","59.98","35224953","48651555","63713926"
"France","FR","FRA","2007‑06‑10","60.42","43895833","48651555","63713926"
"France","FR","FRA","2002‑06‑16","60.32","36783746","46955234","59551227"
"France","FR","FRA","2002‑06‑09","64.42","40968484","46955234","59551227"
"France","FR","FRA","1997‑06‑01","71.07","38487205","44521902","58581450"
"France","FR","FRA","1997‑05‑25","67.92","39217241","44521902","58581450"
"France","FR","FRA","1993‑03‑28","67.51","33773804","43826920","57667000"
"France","FR","FRA","1993‑03‑21","68.93","38968660","43826920","57667000"
"Germany","DE","DEU","2017‑09‑24","76.15","61688485","67975700","80594017"
"Germany","DE","DEU","2013‑09‑22","71.53","61946900","67068214","81147265"
"Germany","DE","DEU","2009‑09‑27","70.78","62168489","68114735","81837700"
"Germany","DE","DEU","2005‑09‑18","77.65","61870711","66738702","82431390"
"Germany","DE","DEU","2002‑09‑22","79.08","61432868","66136352","83029536"
"Germany","DE","DEU","1998‑09‑27","82.2","60762751","66313874","82172259"
"Germany","DE","DEU","1994‑10‑16","78.97","60452009","65942100","81410000"
"Germany","DE","DEU","1990‑12‑02","77.76","60436560","64285650","79365000"
"Gibraltar","GI","GIB","2019‑01‑01","70.84","24189","22435","29523"
"Gibraltar","GI","GIB","2015‑01‑01","70.77","23278","22194","29258"
"Gibraltar","GI","GIB","2011‑01‑01","82.51","21712","21658","28956"
"Greece","GR","GRC","2019‑01‑01","57.78","9984934","9082362","10752626"
"Greece","GR","GRC","2015‑01‑01","63.94","9900403","8960611","10775557"
"Greece","GR","GRC","2012‑01‑01","62.47","9951970","8963093","10767827"
"Greece","GR","GRC","2009‑01‑01","70.92","9933385","8889858","10737428"
"Greece","GR","GRC","2007‑01‑01","74.14","9921343","9242235","10706290"
"Greece","GR","GRC","2004‑01‑01","76.62","9886807","8641126","10665989"
"Greece","GR","GRC","2000‑01‑01","74.97","9373439","7893346","10349420"
"Greece","GR","GRC","1996‑01‑01","76.34","9107766","8289470","10493000"
"Greece","GR","GRC","1993‑01‑01","82.95","8462636","8200200","10380000"
"Hungary","HU","HUN","2018‑04‑08","69.67","8312264","8083846","9825704"
"Hungary","HU","HUN","2014‑04‑06","61.84","8241488","8043818","9919128"
"Hungary","HU","HUN","2010‑04‑11","64.38","8034394","8123081","9992339"
"Hungary","HU","HUN","2006‑04‑09","67.57","8076781","7928311","10076581"
"Hungary","HU","HUN","2002‑04‑07","70.52","8037265","7920946","10174853"
"Hungary","HU","HUN","1998‑05‑10","57.01","8016397","7742951","10056000"
"Hungary","HU","HUN","1994‑05‑08","68.92","7959206","7900970","10261000"
"Hungary","HU","HUN","1990‑03‑25","65.1","7824110","7773750","10365000"
"Iceland","IS","ISL","2017‑01‑01","81.2","248502","257391","339755"
"Iceland","IS","ISL","2016‑01‑01","79.18","246511","254202","335878"
"Iceland","IS","ISL","2013‑01‑01","81.44","237957","242209","321857"
"Iceland","IS","ISL","2009‑01‑01","85.12","227896","228910","306694"
"Iceland","IS","ISL","2007‑01‑01","83.6","221368","218641","301931"
"Iceland","IS","ISL","2003‑01‑01","87.7","211289","207932","279384"
"Iceland","IS","ISL","1999‑01‑01","84.07","201525","196604","276418"
"Iceland","IS","ISL","1995‑01‑01","87.38","191973","190990","269000"
"Iceland","IS","ISL","1991‑01‑01","87.62","182768","180600","258000"
"Ireland","IE","IRL","2016‑01‑01","65.09","3305110","3706414","4952473"
"Ireland","IE","IRL","2011‑01‑01","69.9","3209244","3516795","4670976"
"Ireland","IE","IRL","2007‑01‑01","67.03","3110914","3026706","4234925"
"Ireland","IE","IRL","2002‑01‑01","62.57","3002173","2804939","3840838"
"Ireland","IE","IRL","1997‑01‑01","65.92","2741262","2681821","3807391"
"Ireland","IE","IRL","1992‑01‑01","68.49","2557036","2377830","3549000"
"Italy","IT","ITA","2018‑01‑01","72.93","46505499","52037314","62246674"
"Italy","IT","ITA","2013‑01‑01","75.19","46905154","51620536","61482297"
"Italy","IT","ITA","2008‑01‑01","80.54","47126326","47961929","58147733"
"Italy","IT","ITA","2006‑01‑01","83.62","46997601","47848339","58103033"
"Italy","IT","ITA","2001‑01‑01","81.44","49358947","47332575","57684294"
"Italy","IT","ITA","1996‑01‑01","82.91","48846238","46363590","57239000"
"Italy","IT","ITA","1994‑01‑01","86.14","48135041","45641100","57049000"
"Italy","IT","ITA","1992‑01‑01","87.44","47435964","44918610","56859000"
"Latvia","LV","LVA","2018‑01‑01","54.58","1548100","1577849","1923559"
"Latvia","LV","LVA","2014‑01‑01","58.8","1553556","1767172","2165165"
"Latvia","LV","LVA","2011‑01‑01","59.49","1542700","1730922","2074605"
"Latvia","LV","LVA","2010‑01‑01","64.72","1491735","1840459","2217969"
"Latvia","LV","LVA","2006‑01‑01","60.98","1490636","1811612","2274735"
"Latvia","LV","LVA","2002‑01‑01","71.17","1398156","1806643","2385231"
"Latvia","LV","LVA","1998‑01‑01","71.9","1341602","1858210","2432841"
"Latvia","LV","LVA","1995‑01‑01","71.9","1334436","1894500","2526000"
"Latvia","LV","LVA","1993‑01‑01","89.88","1245530","1939500","2586000"
"Latvia","LV","LVA","1990‑01‑01","81.2","1970443","1976540","2671000"
"Liechtenstein","LI","LIE","2017‑02‑05","77.82","19806","31087","38244"
"Liechtenstein","LI","LIE","2013‑02‑03","79.8","19251","29150","36713"
"Liechtenstein","LI","LIE","2009‑02‑08","84.63","18493","27718","34761"
"Liechtenstein","LI","LIE","2005‑03‑13","86.47","17428","26154","34294"
"Liechtenstein","LI","LIE","2001‑02‑09","86.72","16350","24981","32207"
"Liechtenstein","LI","LIE","1997‑02‑02","86.94","14765","23840","32000"
"Liechtenstein","LI","LIE","1993‑10‑24","87.54","13999","22050","30000"
"Lithuania","LT","LTU","2016‑01‑01","50.64","2514657","2336011","2854235"
"Lithuania","LT","LTU","2012‑01‑01","52.93","2588418","2452753","2986065"
"Lithuania","LT","LTU","2008‑01‑01","48.59","2696090","2838539","3565205"
"Lithuania","LT","LTU","2004‑01‑01","46.04","2666199","2833208","3607899"
"Lithuania","LT","LTU","2000‑01‑01","58.18","2646663","3053037","3672338"
"Lithuania","LT","LTU","1996‑01‑01","52.92","2597530","2751320","3718000"
"Lithuania","LT","LTU","1992‑01‑01","75.22","2549952","2731660","3742000"
"Lithuania","LT","LTU","1990‑01‑01","71.72","2581359","-","3693700"
"Luxembourg","LU","LUX","2018‑01‑01","89.66","259887","483824","605764"
"Luxembourg","LU","LUX","2013‑01‑01","91.15","239668","396354","514862"
"Luxembourg","LU","LUX","2009‑01‑01","90.93","223842","382589","491775"
"Luxembourg","LU","LUX","2004‑01‑01","91.68","217979","353691","455000"
"Luxembourg","LU","LUX","1999‑01‑01","86.51","221103","336027","429797"
"Luxembourg","LU","LUX","1994‑01‑01","88.3","217131","316790","401000"
"North Macedonia, Republic of","MK","MKD","2016‑01‑01","66.79","1784416","1655370","2100025"
"North Macedonia, Republic of","MK","MKD","2014‑01‑01","62.98","1779572","1625315","2091719"
"North Macedonia, Republic of","MK","MKD","2011‑01‑01","63.48","1821122","1666497","2114550"
"North Macedonia, Republic of","MK","MKD","2008‑01‑01","57.99","1779116","1538020","2061315"
"North Macedonia, Republic of","MK","MKD","2006‑01‑01","55.98","1741449","1511450","2050554"
"North Macedonia, Republic of","MK","MKD","2002‑01‑01","74.6","1664297","1454681","2031112"
"North Macedonia, Republic of","MK","MKD","1998‑01‑01","72.88","1572976","1621599","2008850"
"North Macedonia, Republic of","MK","MKD","1994‑01‑01","77.29","1360729","1477980","2142000"
"North Macedonia, Republic of","MK","MKD","1990‑01‑01","81.18","1399021","-","-"
"Malta","MT","MLT","2017‑01‑01","92.06","341856","341004","416338"
"Malta","MT","MLT","2013‑01‑01","92.95","333072","337540","409836"
"Malta","MT","MLT","2008‑01‑01","93.3","315357","331028","401880"
"Malta","MT","MLT","2003‑01‑01","95.7","297930","299040","397499"
"Malta","MT","MLT","1998‑01‑01","95.4","281078","279515","379287"
"Malta","MT","MLT","1996‑01‑01","97.16","271746","269370","369000"
"Malta","MT","MLT","1992‑01‑01","96.04","259423","261360","363000"
"Moldova, Republic of","MD","MDA","2019‑01‑01","51.98","2803573","2666197","3401197"
"Moldova, Republic of","MD","MDA","2014‑01‑01","55.8","2956270","2804089","3583288"
"Moldova, Republic of","MD","MDA","2010‑01‑01","63.37","2734700","3451332","4317483"
"Moldova, Republic of","MD","MDA","2009‑01‑01","58.77","2708381","3433374","4320748"
"Moldova, Republic of","MD","MDA","2005‑01‑01","64.84","2430537","3238695","4446455"
"Moldova, Republic of","MD","MDA","2001‑01‑01","69.96","2295288","2518141","3657498"
"Moldova, Republic of","MD","MDA","1998‑01‑01","69.12","2431218","2949470","4403000"
"Moldova, Republic of","MD","MDA","1994‑01‑01","79.31","2356614","2914500","4350000"
"Monaco","MC","MCO","2018‑01‑01","70.35","7245","26694","30727"
"Monaco","MC","MCO","2013‑01‑01","74.55","6825","25597","30510"
"Monaco","MC","MCO","2008‑01‑01","76.85","6316","26546","35352"
"Monaco","MC","MCO","2003‑01‑01","79.73","5842","26082","32110"
"Monaco","MC","MCO","1998‑01‑01","65.41","4932","27564","32580"
"Monaco","MC","MCO","1993‑01‑01","66.59","4582","25420","31000"
"Montenegro","ME","MNE","2016‑01‑01","73.41","528817","529076","644578"
"Montenegro","ME","MNE","2012‑01‑01","70.56","514055","510795","657394"
"Montenegro","ME","MNE","2009‑01‑01","66.19","498305","539337","672180"
"Montenegro","ME","MNE","2006‑01‑01","72.05","484430","530122","620145"
"Netherlands","NL","NLD","2017‑01‑01","81.93","12893466","13664324","17084719"
"Netherlands","NL","NLD","2012‑01‑01","74.56","12689810","13322602","16730632"
"Netherlands","NL","NLD","2010‑01‑01","75.4","12524152","13276313","16783092"
"Netherlands","NL","NLD","2006‑01‑01","80.35","12264503","12718943","16491461"
"Netherlands","NL","NLD","2003‑01‑01","80.04","12076711","12467104","16607754"
"Netherlands","NL","NLD","2002‑01‑01","79.06","12035935","12386626","15981472"
"Netherlands","NL","NLD","1998‑01‑01","73.23","11755132","12275387","15649729"
"Netherlands","NL","NLD","1994‑01‑01","78.75","11455924","11996400","15380000"
"Norway","NO","NOR","2017‑01‑01","78.22","3765245","4172659","5320045"
"Norway","NO","NOR","2013‑01‑01","78.23","3641753","3655788","4722701"
"Norway","NO","NOR","2009‑01‑01","76.37","3530785","3607670","4660539"
"Norway","NO","NOR","2005‑01‑01","77.44","3421741","3461754","4593041"
"Norway","NO","NOR","2001‑01‑01","75.48","3359433","3450120","4515195"
"Norway","NO","NOR","1997‑01‑01","78.33","3311190","3378488","4405672"
"Norway","NO","NOR","1993‑01‑01","75.85","3259957","3320240","4312000"
"Poland","PL","POL","2019‑01‑01","61.74","30253556","31615893","38356121"
"Poland","PL","POL","2015‑01‑01","50.92","30629150","31568464","38301885"
"Poland","PL","POL","2011‑01‑01","48.92","30762931","31002361","37748288"
"Poland","PL","POL","2007‑01‑01","53.88","30615471","30411197","38518241"
"Poland","PL","POL","2005‑01‑01","40.57","30229031","30003160","38635144"
"Poland","PL","POL","2001‑01‑01","46.18","29364455","28469123","38646023"
"Poland","PL","POL","1997‑01‑01","47.93","28409054","27901720","38752000"
"Poland","PL","POL","1993‑01‑01","52.08","27677302","27723600","38505000"
"Poland","PL","POL","1991‑01‑01","43.2","27516166","26771500","38245000"
"Portugal","PT","PRT","2019‑01‑01","48.57","10810240","8567996","10328384"
"Portugal","PT","PRT","2015‑01‑01","55.84","9684922","8757878","10825309"
"Portugal","PT","PRT","2011‑01‑01","58.03","9624354","8660198","10760305"
"Portugal","PT","PRT","2009‑01‑01","59.68","9519921","8589299","10707924"
"Portugal","PT","PRT","2005‑01‑01","64.26","8944508","8302150","10524145"
"Portugal","PT","PRT","2002‑01‑01","62.84","8882561","8135142","10066253"
"Portugal","PT","PRT","1999‑01‑01","61.05","8857173","7805152","9953648"
"Portugal","PT","PRT","1995‑01‑01","66.3","8906608","7463960","9821000"
"Portugal","PT","PRT","1991‑01‑01","68.18","8322481","7301580","9867000"
"Romania","RO","ROU","2016‑12‑11","37.79","18403044","17810217","21599736"
"Romania","RO","ROU","2012‑12‑09","41.76","18423066","17974764","21848504"
"Romania","RO","ROU","2008‑11‑30","39.2","18464274","17882585","22060808"
"Romania","RO","ROU","2004‑11‑28","58.51","18449344","17338014","22355551"
"Romania","RO","ROU","2000‑11‑26","65.31","17699727","18597776","22303305"
"Romania","RO","ROU","1996‑11‑03","76.01","17218654","16737320","22618000"
"Romania","RO","ROU","1992‑09‑27","76.29","16380663","16408080","22789000"
"Romania","RO","ROU","1990‑05‑20","79.69","17200722","-","-"
"Russian Federation","RU","RUS","2016‑01‑01","47.88","110061200","114473081","142355415"
"Russian Federation","RU","RUS","2011‑01‑01","60.1","109237780","113276186","138739892"
"Russian Federation","RU","RUS","2007‑01‑01","63.71","109145517","112315296","141377752"
"Russian Federation","RU","RUS","2003‑01‑01","55.67","108906244","111586387","144526278"
"Russian Federation","RU","RUS","1999‑01‑01","62.33","107239000","113049737","147698905"
"Russian Federation","RU","RUS","1995‑01‑01","64.73","107496856","110864250","147819000"
"Russian Federation","RU","RUS","1993‑01‑01","50","105200000","111390000","148520000"
"San Marino","SM","SMR","2019‑01‑01","55.73","34511","27790","34010"
"San Marino","SM","SMR","2016‑01‑01","59.66","33985","26948","33285"
"San Marino","SM","SMR","2012‑01‑01","63.85","33106","25761","32140"
"San Marino","SM","SMR","2008‑01‑01","68.48","31845","24646","30749"
"San Marino","SM","SMR","2006‑01‑01","71.84","31759","23266","29251"
"San Marino","SM","SMR","2001‑01‑01","73.8","30688","22024","26986"
"San Marino","SM","SMR","1998‑01‑01","75.28","30117","30117","25000"
"San Marino","SM","SMR","1993‑01‑01","80.3","28191","28191","24000"
"Serbia","RS","SRB","2016‑01‑01","56.07","6739441","5875839","7143921"
"Serbia","RS","SRB","2014‑01‑01","53.09","6766575","5658441","7209764"
"Serbia","RS","SRB","2012‑01‑01","57.77","6770013","5790302","7276604"
"Serbia","RS","SRB","2008‑01‑01","61.35","6749688","5901990","7334935"
"Serbia","RS","SRB","2007‑01‑01","60.57","6652105","5908864","7381579"
"Slovakia","SK","SVK","2016‑01‑01","59.82","4426760","4455753","5445802"
"Slovakia","SK","SVK","2012‑01‑01","59.11","4392451","4488381","5483088"
"Slovakia","SK","SVK","2010‑01‑01","58.84","4362369","4396639","5470306"
"Slovakia","SK","SVK","2006‑01‑01","54.67","4272517","4141957","5439448"
"Slovakia","SK","SVK","2002‑01‑01","70.07","4157802","4067252","5379455"
"Slovakia","SK","SVK","1998‑01‑01","84.25","4023191","4297856","5274335"
"Slovakia","SK","SVK","1994‑01‑01","75.41","3876555","3849840","5347000"
"Slovakia","SK","SVK","1992‑01‑01","84.68","11515699","11640940","15731000"
"Slovakia","SK","SVK","1990‑01‑01","96.33","11195596","11589140","15661000"
"Slovenia","SI","SVN","2018‑01‑01","52.64","1712676","1651708","1965706"
"Slovenia","SI","SVN","2014‑01‑01","51.73","1713067","1638247","1988292"
"Slovenia","SI","SVN","2011‑01‑01","65.6","1709692","1674170","2000092"
"Slovenia","SI","SVN","2008‑01‑01","63.1","1696437","1645967","2007711"
"Slovenia","SI","SVN","2004‑01‑01","60.64","1634402","1622422","2011473"
"Slovenia","SI","SVN","2000‑01‑01","70.36","1586695","1543425","1987985"
"Slovenia","SI","SVN","1996‑01‑01","73.67","1542218","1499960","1948000"
"Slovenia","SI","SVN","1992‑01‑01","85.9","1490434","1497000","1996000"
"Spain","ES","ESP","2019‑01‑01","71.76","36898883","40650233","49683254"
"Spain","ES","ESP","2016‑01‑01","69.84","34597038","39691061","48563476"
"Spain","ES","ESP","2015‑01‑01","73.2","34631086","39368731","48146134"
"Spain","ES","ESP","2011‑01‑01","68.94","35779491","38995155","47021031"
"Spain","ES","ESP","2008‑01‑01","75.32","33875268","36819817","45283259"
"Spain","ES","ESP","2004‑01‑01","75.66","34571831","34304048","42345342"
"Spain","ES","ESP","2000‑01‑01","68.71","33969640","31631640","39394773"
"Spain","ES","ESP","1996‑01‑01","78.06","32007554","31013030","39257000"
"Spain","ES","ESP","1993‑01‑01","77.05","31030511","30875570","39083000"
"Sweden","SE","SWE","2018‑01‑01","87.18","7495936","7962006","10040995"
"Sweden","SE","SWE","2014‑01‑01","85.81","7330432","7614029","9723809"
"Sweden","SE","SWE","2010‑01‑01","84.63","7123651","7296284","9074055"
"Sweden","SE","SWE","2006‑01‑01","81.99","6892009","7010777","9082995"
"Sweden","SE","SWE","2002‑01‑01","80.11","6722152","6900985","8876744"
"Sweden","SE","SWE","1998‑01‑01","81.39","6603129","6915438","8780000"
"Sweden","SE","SWE","1994‑01‑01","86.82","6496365","6848400","8780000"
"Sweden","SE","SWE","1991‑01‑01","86.74","6413172","6721260","8617000"
"Switzerland","CH","CHE","2019‑01‑01","45.12","5457940","6829807","8348737"
"Switzerland","CH","CHE","2015‑01‑01","48.51","5283556","6634505","8121830"
"Switzerland","CH","CHE","2011‑01‑01","49.5","5124034","6278531","7639961"
"Switzerland","CH","CHE","2007‑01‑01","48.28","4915623","5964448","7554661"
"Switzerland","CH","CHE","2003‑01‑01","45.23","4779733","5801412","7318638"
"Switzerland","CH","CHE","1999‑01‑01","43.3","4628782","5736298","7214950"
"Switzerland","CH","CHE","1995‑01‑01","42.22","4596209","5442360","7068000"
"Switzerland","CH","CHE","1991‑01‑01","46.05","4510521","5236000","6800000"
"Ukraine","UA","UKR","2019‑01‑01","49.2","29278586","35723124","43964969"
"Ukraine","UA","UKR","2014‑10‑26","51.28","31382762","36363250","44291413"
"Ukraine","UA","UKR","2012‑01‑01","57.4","36163839","37107767","44854065"
"Ukraine","UA","UKR","2007‑01‑01","62.03","37588040","37165613","46299862"
"Ukraine","UA","UKR","2006‑01‑01","67.19","37191928","37188299","46929500"
"Ukraine","UA","UKR","2002‑01‑01","69.24","37368748","37189218","48760474"
"Ukraine","UA","UKR","1998‑01‑01","70.65","37540092","38939136","51235704"
"Ukraine","UA","UKR","1994‑01‑01","75.81","38204100","39451600","51910000"
"United Kingdom","GB","GBR","2019‑12‑12","67.55","47567752","51793515","65436510"
"United Kingdom","GB","GBR","2017‑06‑08","69.31","46835433","51329650","64769452"
"United Kingdom","GB","GBR","2015‑05‑07","66.34","46425386","50780423","64088222"
"United Kingdom","GB","GBR","2010‑05‑06","65.77","45597461","49116522","62348447"
"United Kingdom","GB","GBR","2005‑05‑05","61.36","44245939","46554470","60270708"
"United Kingdom","GB","GBR","2001‑06‑07","59.38","44403238","45804132","59434645"
"United Kingdom","GB","GBR","1997‑05‑01","71.46","43784559","45093510","58563000"
"United Kingdom","GB","GBR","1992‑04‑09","77.83","43240084","44658460","57998000"
"Yugoslavia, FR/Union of Serbia and Montenegro","CS","","2003‑01‑01","58.75","6511450","5979859","7480591"
"Yugoslavia, FR/Union of Serbia and Montenegro","CS","","2000‑01‑01","64.17","7848818","-","-"
"Yugoslavia, FR/Union of Serbia and Montenegro","CS","","1996‑01‑01","53.29","7594404","7755520","10624000"
"Yugoslavia, FR/Union of Serbia and Montenegro","CS","","1993‑01‑01","67.39","7394772","7654050","10485000"
"Kosovo","XK","","2019‑10‑06","43.2","1937868","1354185","1920079"
"Kosovo","XK","","2017‑06‑11","41.3","1888059","1316710","1895250"
"Kosovo","XK","","2014‑06‑08","42.63","1799023","1242917","1859203"
"Kosovo","XK","","2010‑12‑12","45.62","1630636","1213399","1815048"
"Kosovo","XK","","2007‑11‑17","43.23","1454174","1124763","2126000"
"Kosovo","XK","","2004‑10‑24","49.52","1412680","1071500","2041000"
"Yugoslavia, SFR (1943-1992)","YU","","1992‑01‑01","56.07","7277471","7520400","10445000"
